type,text
hook,"이거 아직도 모르고 쓰시는 분 많아요"
hook,"딱 30초만 보시면 됩니다"
hook,"사기 전에 이것 하나만 확인하세요"
hook,"저도 처음엔 이렇게 했다가 후회했어요"
hook,"이 기능, 생각보다 아는 사람이 적어요"
hook,"결론부터 말씀드릴게요"
hook,"3가지만 알면 고민 끝납니다"
hook,"지금 쓰는 방법, 반은 손해 보고 있을 수 있어요"
hook,"다들 이 부분을 놓치더라고요"
hook,"설명서에는 안 나오는 내용입니다"
hook,"한 번 알면 계속 쓰게 되는 방법이에요"
hook,"이것 때문에 반품하는 분들이 많습니다"
hook,"비슷해 보여도 여기서 차이가 납니다"
hook,"고르기 전에 이 질문부터 해 보세요"
hook,"제가 직접 비교해 봤습니다"
hook,"요즘 이걸 찾는 분들이 부쩍 늘었어요"
hook,"처음 사는 분이라면 꼭 보세요"
hook,"이거 하나 바꿨더니 달라졌어요"
hook,"가장 많이 받은 질문에 답해 드릴게요"
hook,"흔히 하는 실수 하나부터 짚고 갈게요"
hook,"같은 가격이면 이걸 보세요"
hook,"이건 광고가 아니라 정리입니다"
hook,"오늘 영상은 끝까지 보셔야 이해됩니다"
hook,"지금 알면 나중에 덜 헤맵니다"
hook,"이 순서대로만 하면 됩니다"
hook,"의외로 이게 제일 중요합니다"
hook,"많이들 반대로 알고 계세요"
hook,"한 줄로 요약하면 이렇습니다"
hook,"왜 다들 이걸 쓰는지 알려 드릴게요"
hook,"사기 전 체크리스트, 지금 바로 드릴게요"
hook,"이 차이 하나로 만족도가 갈립니다"
hook,"이 장면 먼저 보시죠"
hook,"솔직히 처음엔 별 기대 안 했어요"
hook,"이런 분들은 안 사셔도 됩니다"
hook,"이런 분들께는 꼭 맞습니다"
hook,"가격보다 먼저 봐야 할 게 있어요"
hook,"요즘 왜 이게 자꾸 보일까요"
hook,"비교표 하나로 정리해 드릴게요"
hook,"1분 안에 핵심만 알려 드릴게요"
hook,"이거 모르면 같은 돈 내고 덜 씁니다"
hook,"자주 묻는 질문 세 가지만 답할게요"
hook,"처음 켜자마자 이것부터 바꾸세요"
hook,"이 설정 하나가 차이를 만듭니다"
hook,"실제로 써 보니 이게 달랐어요"
hook,"기대했던 것과 다른 점부터 말할게요"
hook,"좋은 점만 말하지 않을게요"
hook,"단점도 같이 알려 드릴게요"
hook,"이걸 보고 나면 고르기 쉬워집니다"
hook,"같은 제품인데 쓰는 법이 달라요"
hook,"왜 후기마다 말이 다를까요"
hook,"이 숫자 하나만 기억하세요"
hook,"요즘 가장 많이 검색되는 이유가 있어요"
hook,"이걸로 하루가 편해졌습니다"
hook,"지금 쓰는 제품과 비교해 보세요"
hook,"이 부분은 꼭 직접 확인하세요"
hook,"잠깐, 결제하기 전에 보세요"
hook,"이거 하나면 정리가 끝납니다"
hook,"생각보다 간단합니다"
hook,"따라만 하시면 됩니다"
hook,"어렵게 느껴졌다면 이 영상이 도움이 될 거예요"
hook,"초보도 바로 할 수 있게 알려 드릴게요"
hook,"5초 만에 확인하는 방법이 있어요"
hook,"이 질문, 정말 많이 받았어요"
hook,"이게 되는 줄 몰랐다는 분이 많아요"
hook,"여러분은 어떤 쪽이세요?"
hook,"두 가지 중에 하나만 고르라면요"
hook,"결국 차이는 여기서 납니다"
hook,"이 영상 하나로 정리해 드릴게요"
hook,"지난번 영상 질문에 답해 드립니다"
hook,"이건 꼭 알고 계셔야 해요"
hook,"알고 나면 다르게 보입니다"
hook,"제가 이걸 고른 이유는 하나예요"
hook,"처음 받아 보고 놀란 점부터 말할게요"
hook,"쓰기 전과 후를 비교해 볼게요"
hook,"이 기능은 켜 두시는 걸 추천해요"
hook,"반대로 이 기능은 꺼 두셔도 됩니다"
hook,"같은 고민 하셨던 분들 많으시죠?"
hook,"이걸 왜 이제 알았을까 싶었어요"
hook,"설명보다 한 번 보는 게 빠릅니다"
hook,"지금부터 하나씩 확인해 볼게요"
hook,"가장 많이 하는 오해부터 풀어 드릴게요"
hook,"이 영상 보고 결정하셔도 늦지 않아요"
hook,"진짜 필요한 사람은 따로 있습니다"
hook,"요즘 이 조합이 인기예요"
hook,"비싼 게 꼭 좋은 건 아니더라고요"
hook,"이거 하나 알면 선택이 쉬워져요"
hook,"매일 쓰는 거라면 이건 꼭 보세요"
hook,"처음 1주일 써 보고 느낀 점이에요"
hook,"이건 직접 써 봐야 알 수 있었어요"
hook,"사진만 보고 고르면 놓치는 부분이 있어요"
hook,"상세페이지에서 꼭 볼 곳은 여기예요"
hook,"같은 이름인데 모델마다 달라요"
hook,"지금 시즌에 특히 많이 찾으세요"
hook,"이 팁은 저장해 두세요"
hook,"한 번만 설정하면 계속 편해요"
hook,"아는 사람만 쓰는 방법이에요"
hook,"마지막에 정리표 드릴게요"
hook,"본론부터 바로 들어갈게요"
hook,"이건 꼭 끝까지 보고 판단하세요"
hook,"같은 돈이면 이 차이를 아셔야 해요"
cta,"더 자세한 정보는 고정 댓글에 정리해 뒀어요"
cta,"도움이 됐다면 저장해 두고 필요할 때 보세요"
cta,"궁금한 점은 댓글로 남겨 주세요"
cta,"다음 영상도 놓치지 않으려면 구독해 주세요"
cta,"제품 정보는 설명란 링크에서 확인하세요"
cta,"여러분은 어떤 쪽인지 댓글로 알려 주세요"
cta,"이 영상이 도움이 됐다면 좋아요 부탁드려요"
cta,"비슷한 고민 하는 분께 공유해 주세요"
cta,"다음 편에서는 더 자세히 비교해 볼게요"
cta,"구매 전에 상세 스펙은 꼭 직접 확인하세요"
cta,"가격은 시기마다 달라서 링크에서 확인해 주세요"
cta,"궁금한 제품이 있으면 댓글로 신청해 주세요"
cta,"저장해 두면 나중에 다시 찾기 쉬워요"
cta,"알림 설정해 두시면 새 영상 바로 받아 보실 수 있어요"
cta,"설명란에 체크리스트 남겨 뒀어요"
cta,"오늘 내용 요약은 고정 댓글에 있어요"
cta,"직접 써 보신 분들은 후기 댓글로 남겨 주세요"
cta,"다른 제품과 비교가 궁금하면 댓글 주세요"
cta,"프로필 링크에서 더 많은 정보를 볼 수 있어요"
cta,"다음에 다룰 주제를 댓글로 골라 주세요"
cta,"도움이 됐다면 친구에게도 알려 주세요"
cta,"이 시리즈 다른 영상도 같이 보시면 좋아요"
cta,"재생목록에 관련 영상 모아 뒀어요"
cta,"오늘 영상 어떠셨는지 한 줄 남겨 주세요"
cta,"필요한 분께 이 영상을 보내 주세요"
cta,"궁금한 점 답변은 다음 영상에서 드릴게요"
cta,"추가 질문은 댓글로 편하게 남겨 주세요"
cta,"여기까지 봐 주셔서 감사합니다"
cta,"구독하시면 이런 정보 계속 받아 보실 수 있어요"
cta,"더 많은 사용 팁은 다음 영상에서 이어 갈게요"
cta,"관련 링크는 설명란 첫 줄에 있어요"
cta,"놓치기 쉬운 부분은 고정 댓글에 다시 적어 뒀어요"
cta,"구매 링크는 설명란에서 확인하실 수 있어요"
cta,"할인 정보는 시기에 따라 달라요, 링크에서 확인하세요"
cta,"좋아요 한 번이 다음 영상에 큰 힘이 돼요"
cta,"다음 영상은 사용 후기로 찾아올게요"
cta,"이 영상 저장하고 쇼핑할 때 다시 보세요"
cta,"비교표 이미지는 고정 댓글에 있어요"
cta,"오늘 정리한 3가지만 기억하세요"
cta,"궁금한 모델명을 댓글로 남겨 주세요"
cta,"여러분의 선택 기준도 궁금해요, 댓글로 알려 주세요"
cta,"같은 고민이 있다면 아래 영상도 이어서 보세요"
cta,"놓친 부분은 처음부터 다시 확인해 보세요"
cta,"더 쉬운 설명이 필요하면 말씀해 주세요"
cta,"설정 방법은 설명란에 순서대로 적어 뒀어요"
cta,"마음에 드셨다면 채널 구독으로 응원해 주세요"
cta,"다음 주에 새 비교 영상 올라갑니다"
cta,"이 내용이 맞는지 직접 확인해 보시고 의견 주세요"
cta,"더 궁금한 점은 커뮤니티 탭에 남겨 주세요"
cta,"관련 제품 모음은 프로필 링크에 있어요"
cta,"쇼츠로 못 다한 이야기는 긴 영상에 있어요"
cta,"전체 영상 링크는 고정 댓글에 있어요"
cta,"이 팁이 필요한 분을 태그해 주세요"
cta,"오늘 영상이 선택에 도움이 됐길 바라요"
cta,"사기 전 마지막 체크는 설명란 리스트로 하세요"
cta,"지금 쓰는 제품 이름을 댓글로 알려 주세요"
cta,"다음 편 예고는 고정 댓글에서 확인하세요"
cta,"알림 켜 두시면 라이브 소식도 받아 보실 수 있어요"
cta,"영상에 나온 제품 정보는 아래에 모아 뒀어요"
cta,"궁금한 기능이 있으면 시간과 함께 댓글 주세요"
cta,"요청 많은 주제부터 다음 영상으로 만들게요"
cta,"도움이 됐다면 저장, 더 필요하면 구독이요"
cta,"이 영상으로 고민이 줄었다면 좋아요 눌러 주세요"
cta,"비슷한 영상 추천은 끝 화면에 띄워 둘게요"
cta,"끝 화면의 다음 영상도 이어서 보세요"
cta,"제품 공식 정보는 링크에서 꼭 확인하세요"
cta,"구매는 천천히, 비교는 꼼꼼히 하세요"
cta,"오늘 정리 내용을 캡처해 두세요"
cta,"다른 분들 의견도 댓글에서 같이 보세요"
cta,"설명란에 시간별 목차 넣어 뒀어요"
cta,"보고 싶은 비교 조합을 댓글로 알려 주세요"
cta,"여러분 경험이 다른 분께 도움이 돼요, 댓글로 나눠 주세요"
cta,"다음 영상에서 질문 많이 받은 순서로 답할게요"
cta,"꼭 필요한 분께만 추천드려요, 기준은 설명란에"
cta,"더 자세한 사용기는 블로그에 정리해 뒀어요"
cta,"블로그 링크는 프로필에 있어요"
cta,"궁금하면 지금 바로 링크에서 확인해 보세요"
cta,"놓치지 않게 저장 버튼 눌러 두세요"
cta,"이 영상이 유익했다면 구독과 알림 부탁드려요"
cta,"다음에 또 유용한 정보로 찾아올게요"
cta,"오늘도 끝까지 봐 주셔서 고맙습니다"
cta,"한 번 더 정리하면, 설명란을 확인하세요"
cta,"질문은 하나도 빠짐없이 읽고 있어요"
cta,"사용 중 생긴 문제는 댓글로 알려 주세요"
cta,"다음 영상 주제 투표는 커뮤니티에서 해요"
cta,"관련 쇼츠 모음은 재생목록에 있어요"
cta,"이 영상과 함께 보면 좋은 영상 링크 남길게요"
cta,"궁금한 가격대를 알려 주시면 그 안에서 골라 볼게요"
cta,"지금 고민 중인 두 제품을 댓글에 적어 주세요"
cta,"선택 기준표는 무료로 받아 가세요, 링크는 설명란에"
cta,"마지막으로 꼭 공식 판매처 정보를 확인하세요"
cta,"리뷰가 도움이 됐다면 다른 리뷰도 보러 오세요"
cta,"같은 주제로 더 깊게 다룬 영상이 있어요"
cta,"여러분의 한 줄 후기가 다음 영상의 재료가 돼요"
cta,"다음 영상 알림 받고 싶다면 지금 구독하세요"
cta,"궁금증이 풀렸다면 좋아요로 알려 주세요"
cta,"이 영상은 저장해 두면 두고두고 쓸모 있어요"
cta,"다음에 더 알찬 정보로 돌아올게요"
cta,"오늘 영상은 여기까지입니다, 다음에 만나요"
cta,"직접 확인해 보시고 생각을 댓글로 들려주세요"
title_pattern,"[제품] 사기 전에 꼭 알아야 하는 [숫자]가지"
title_pattern,"[제품]을 쓰면 달라지는 [숫자]가지"
title_pattern,"아직도 [행동]하고 있다면 이것부터 확인하세요"
title_pattern,"[대상]이라면 [제품]을 고르기 전에 보세요"
title_pattern,"[제품] vs [비교 제품], 무엇이 다를까"
title_pattern,"[키워드] 고르는 법, [숫자]가지만 확인하세요"
title_pattern,"[제품] 실사용 기준 장단점 정리"
title_pattern,"[키워드] 처음이라면 꼭 알아야 할 것"
title_pattern,"[숫자]만 원대 [키워드], 이것만 보면 됩니다"
title_pattern,"[제품] 설정, 이것만 바꾸면 됩니다"
title_pattern,"[제품] 한 달 써 보고 느낀 [숫자]가지"
title_pattern,"[키워드] 살 때 가장 많이 하는 실수"
title_pattern,"[제품], 이런 분께는 추천하지 않습니다"
title_pattern,"[제품]이 요즘 많이 보이는 이유"
title_pattern,"[키워드] 비교, 한 장으로 정리했습니다"
title_pattern,"[제품] 숨은 기능 [숫자]가지"
title_pattern,"[대상]을 위한 [키워드] 고르는 기준"
title_pattern,"[제품] 구매 전 체크리스트"
title_pattern,"[키워드], 비싼 것과 저렴한 것의 차이"
title_pattern,"[제품] 솔직 후기, 좋은 점과 아쉬운 점"
title_pattern,"[행동]할 때 [제품]이 필요한 이유"
title_pattern,"[제품] 쓰기 전에 알았으면 좋았을 것"
title_pattern,"[키워드] 추천, 상황별로 나눠 봤습니다"
title_pattern,"[숫자]초 만에 보는 [제품] 핵심"
title_pattern,"[제품], 왜 다들 이걸 고를까"
title_pattern,"[키워드] 고민 끝내는 [숫자]가지 질문"
title_pattern,"[제품] 개봉부터 첫 설정까지"
title_pattern,"[대상]이 [제품]을 쓰면 생기는 변화"
title_pattern,"[키워드] 입문자가 자주 묻는 질문 [숫자]가지"
title_pattern,"[제품], 상세페이지에 없는 이야기"
title_pattern,"[제품] 이 기능은 꼭 켜 두세요"
title_pattern,"[키워드] 가성비로 고른다면 이 기준"
title_pattern,"[제품] 실제로 써 보니 달랐던 점"
title_pattern,"[숫자]가지로 끝내는 [키워드] 정리"
title_pattern,"[제품]과 [비교 제품] 중 고민이라면"
title_pattern,"[키워드] 고를 때 가격보다 먼저 볼 것"
title_pattern,"[제품], 사길 잘했다고 느낀 순간"
title_pattern,"[행동]이 귀찮다면 [제품]을 보세요"
title_pattern,"[키워드] 이렇게 쓰면 손해입니다"
title_pattern,"[제품] 처음 쓰는 분을 위한 가이드"
title_pattern,"요즘 [키워드]를 찾는 이유"
title_pattern,"[대상]에게 맞는 [제품]은 따로 있습니다"
title_pattern,"[제품] 오래 쓰는 관리법 [숫자]가지"
title_pattern,"[키워드] 트렌드, 지금 무엇이 달라졌나"
title_pattern,"[제품] 장점만큼 중요한 단점"
title_pattern,"[숫자]개 비교해 보고 고른 [키워드]"
title_pattern,"[제품], 이 가격이면 살 만할까"
title_pattern,"[키워드] 전에 이것부터 확인하세요"
title_pattern,"[제품] 사용법, 이 순서대로 하세요"
title_pattern,"[행동]하는 시간을 줄여 준 [제품]"
title_pattern,"[키워드] 잘 고르는 사람들의 공통점"
title_pattern,"[제품] 실패 없이 고르는 [숫자]단계"
title_pattern,"[대상]이라면 이 기능을 먼저 보세요"
title_pattern,"[제품] 직접 비교, 차이는 여기서 납니다"
title_pattern,"[키워드] 오해와 진실 [숫자]가지"
title_pattern,"[제품] 살까 말까 고민될 때 보는 영상"
title_pattern,"[키워드] 초보와 고수의 차이"
title_pattern,"[제품], 첫인상과 한 달 후"
title_pattern,"[숫자]분이면 끝나는 [키워드] 정리"
title_pattern,"[제품]이 맞는 사람, 안 맞는 사람"
title_pattern,"[키워드] 고를 때 꼭 물어봐야 할 것"
title_pattern,"[제품] 이 설정 하나로 달라집니다"
title_pattern,"[계절]에 [키워드]가 필요한 이유"
title_pattern,"[제품], 비슷한 제품과 결정적 차이"
title_pattern,"[키워드] 이렇게 고르면 후회 없습니다"
title_pattern,"[행동] 전에 알아 두면 좋은 [숫자]가지"
title_pattern,"[제품] 핵심 기능만 빠르게 정리"
title_pattern,"[대상]의 [키워드] 고민 해결법"
title_pattern,"[제품] 실사용 후기, 기대와 달랐던 점"
title_pattern,"[키워드] 고르는 기준이 바뀌었습니다"
title_pattern,"[제품] 써 보고 알게 된 사용 팁"
title_pattern,"[숫자]가지 상황으로 보는 [제품] 활용법"
title_pattern,"[키워드], 이것 하나만 기억하세요"
title_pattern,"[제품] 구매 후 가장 먼저 할 일"
title_pattern,"[키워드] 비교할 때 놓치기 쉬운 것"
title_pattern,"[제품], 누구에게 추천할까"
title_pattern,"[행동]이 쉬워지는 [키워드] 정리"
title_pattern,"[제품] 이 조합으로 쓰면 편합니다"
title_pattern,"[키워드] 고를 때 숫자보다 중요한 것"
title_pattern,"[제품] Q&A, 많이 받은 질문 [숫자]개"
title_pattern,"[대상]을 위한 [제품] 사용 가이드"
title_pattern,"[키워드] 최신 정보 한눈에 보기"
title_pattern,"[제품]과 함께 쓰면 좋은 것들"
title_pattern,"[숫자]일 동안 써 본 [제품] 기록"
title_pattern,"[키워드] 선택, 이 질문으로 좁히세요"
title_pattern,"[제품] 의외의 활용법 [숫자]가지"
title_pattern,"[키워드] 왜 갑자기 인기일까"
title_pattern,"[제품], 사기 전 마지막 확인"
title_pattern,"[행동]을 바꾸면 [키워드]가 달라집니다"
title_pattern,"[제품] 단점, 이렇게 보완했습니다"
title_pattern,"[키워드] 고민이라면 이 순서로 보세요"
title_pattern,"[제품] 리뷰 볼 때 확인할 [숫자]가지"
title_pattern,"[대상]이 많이 고르는 [키워드]"
title_pattern,"[제품] 기본 설정 그대로 써도 될까"
title_pattern,"[키워드] 정리, 이 글 하나면 됩니다"
title_pattern,"[제품] 업그레이드할 가치가 있을까"
title_pattern,"[숫자]년 차가 알려 주는 [키워드] 팁"
title_pattern,"[제품] 이렇게 쓰면 더 오래 씁니다"
title_pattern,"[키워드], 지금 사도 될까"
title_pattern,"[제품] 한 줄 요약과 [숫자]가지 근거"
